796741037460975455377003056224903799892858048503, 36531
313782761627545985361358484852205885274438302922, 17066
554797494134300885327300608536094483324857480560, 16222
339747762782305489092798492129262338204572735473, 16141
881781621916054133969048817313001399551672299902, 16210
216041828489200237418892894695648263345385225440, 16561
235220279514533786897211306968484928157028772062, 14586
017588058749958794400367541586409279204378465457, 14895
756803865481860248266471595169646229825365674698, 18130
365555808792619773873123708636974640140222483570, 18230
450379604776938713826647185291739786848435331124, 18257
391419091703854200561263668337278539739829127877, 15589
421649290329048411521335262541983359299421337370, 15520
829455415760994188165991839079063128761239448858, 15976
008633197064307900213403588929221014444142793485, 17708
103748921067150733202002648858088474467583510793, 18699
563665614763166825832251848704670137790389817599, 16712
229541804411033889973237872982014281381924157438, 19055
697365254931103925743324000677538564011727837441, 19698
015313690672056815574465627423144875257414649543, 19779
163692497987829989612776816046374733104812596685, 19196
869942055345181609434343514411529634139663103583, 19136
131393296336412986497335093652485525066829663861, 19505
652098871464903356578475426412177499496735325780, 19453
098274803889898305119451234325556673053352233284, 20895
901995622904336647984005612088390509263486919595, 23436
319007357931454927668991117685346247104998265777, 19299
055198148034619840560169030968966497501504987084, 23504
297996957008981680053760351924544255152852862120, 18749
919296012452026398797518483149651882683030355184, 19623
917644875580545189122336773096409163762442599007, 17908
230021245643041060910685183212845060294970376473, 17770
471420372980434738807626737986425767794985920515, 18779
143323855404407497286746065447951205880532973812, 17435
626105906846934733236484740247329149751545331726, 19330
947241119398139389728031433461558294425574387237, 19487
694325930411366245563572659578559181674825173797, 17185
754999403959200400825354560907094683554161003253, 18905
952856473153367370392929471651758954591918464191, 18522
448709435555907656180352126667321113257004524381, 17109
112059259694150547590177140116948365291370787931, 19347
224353311079548849660851822541663011344451625401, 16396
612364754501483142873386536896557716401861909415, 12670
233922143679463380065925030725148432978256392743, 19246
080909400121102688808629942447047257219433745924, 18809
621182210979827022337503671097970110551740622357, 12224
442303582016211430254391839062936268718140983037, 17246
096001483774251035890994863558777508846416051165, 11662
048464061472343173970617840460384322858116562809, 12672
272614124343485724868265998373610802416960238920, 16352
078157839013400103127930681817726631536638990110, 19347
862812133688368583594614900148247638061522480458, 18445
520101907528629934069832803203887099281933915008, 17734
540528038699588924590280601550804076871950039823, 20471
413040398954766705171886060140792098349136722305, 19233
844767145548423439776711189010614080994460502068, 18818
284586503740398886783151260763712362132408467546, 54421
510868122143635516107789977745698996719145620301, 17710
900818242823605537780921119060371552378753033598, 15513
698780611182445476498453438050719509571909143892, 14976
975126389903724103794216559534124638289499983405, 15785
335898529827555159825332518129174764518611688195, 15538
555249052877553321338406756271947673798988955297, 15585
371509507249196448840820111848278528498134063908, 16584
963793795636764869115890712163971253542227896202, 15783
553459433611123806789977137678945291156638852334, 16115
361998036589602096074459366615841950755526498617, 19953
932056356722283415369859552129735052888452800263, 20176
546381863349657875368476641731585335511845022711, 18008
860268366973506855567243907356652870636426776572, 14358
235821688877867343915570630948463975255132021775, 18856
860852216867596822723567455028006004435212293875, 16549
115416869330504475702780431159072814412447618085, 15339
363328270212224918482785559703131595332353797308, 11573
642027957953941346111729885138503907622617934260, 17427
804554505888793621221662921981283631281761861323, 12987
702741497867562155188873934833205689748624602830, 17099
804854078532293430156388869885387763362115544807, 19974
095216903011141890008797882753385806517810146238, 18987
548150285892874669555947775988834771991491600366, 16440
254401366626588974277635698054409141497051809618, 17040
590815679521776291143092233969840021590664932753, 18720
503374664392759289815760218907267716172521896916, 14368
385097949062343923448252048795643345049145391803, 18590
764496804437016294349507688162530171082425328947, 16819
145506103112708631022777182535541291824455645400, 12261
866900413679965489932904102808614404665934143681, 17848
207539184395536414608900246522244907937598341915, 15179
915502280589043184320401347018609470610760865405, 15020
484629492330250649262430100354312976046391526503, 16713
970706748076459331056033646208297297084981539682, 18160
014642288220192162945509056072875239557391533749, 15068
536666739321314843453297653365838607272314666052, 13927
731710848672114287436684029049234606602669080508, 21044
753388614976433601237409888302079318291690233896, 15627
264402554254015205491426741367896238413050673414, 19251
848442774730835686635505065915510374743116311172, 18818
883712745090363990997341537995975478763492629918, 14761
737882084277561458995705292132125126324944620087, 20379
927309627177615830748671045914606469343262943437, 16712
034855105104477798120566832229752430962702141040, 14663
153660469609441733453145522343970566703685729814, 11181
910452431910464934089941986191812959193406472866, 11003
075011984827225377649743723262379972281675598245, 15778
683982328664755777945731991593873262416295860560, 16882
884625354799629328661289934745634218754243107252, 17508
414392741572617348652799285992256917102259630376, 17512
524681238119052424232861249902874253578319334799, 17399
876253971728877071692881469426123041338722720629, 13788
599576853687690794984608613026075924832190059240, 14136
883086272492791815964039190394784102941380580863, 17389
689037502906048801624121214489077972842164989989, 21364
425414473013653835598656082270112986323654931527, 18508
855277960291463644446967379185890319218537695989, 17382
532017960975917312031782421368812025032241932765, 14673
579291423094337154961999796096945095139531164800, 21019
724229652150177087320066639323895419306831841679, 16682
602953756044929172553998736779651878343949562691, 15563
500515107337696541149509050676338489112047727671, 16193
975597887443839433727153015157866515213289564628, 19514
376426184698501317805891554022879513341721573935, 18165
774561372846987193513647471952759307557931642573, 18362
052914403340916006249847004390497610250886077600, 18001
534261865330802738052785131986932678754409589973, 18418
760123692263502933087182435950428650921460730225, 15394
992798393293578638747240600955344733782123403486, 15521
114873749798682118519604340201134511097066026458, 19738
992289236750876117328729982063752072926893873684, 21075
556327037694196204339583949645202156850711153795, 22495
961039731981086365862988810932921054229329427285, 19980
073030202946750276636809940094221526658064839078, 16416
977450682513154139556123587515022860048211737342, 19522
425236286729796672866072737136078603444028119777, 16996
769621966317624696533028569806575439747478332794, 20488
894505149180502573294586045500780152866706056225, 17779
227904373706206679171178012773628318967457000867, 15868
000036886513942111640461240754566581360023537748, 16475
810548901333457062672175819982463449239385932658, 17793
152314336753873252289245770912247698133728228565, 18858
623864229061454707377908531663848224868764019402, 17360
825478775081239842595308631049043581588109222328, 19167
699397076909220412249029451044503554254064986049, 17778
559032157064696993472440109074849942470176645434, 19649
840507823714473893208387557976572722634908665946, 16742
126706364801002066201186278679684256115715915311, 17005
624124062966382062633113655395079602018526357773, 17165
372196994470875784472534679572209410020787764452, 22179
203353370253764510145313813878008353600838126578, 20636
861336405631653122950480453804302457197863928452, 21553
046470324583569154741100800483590159481041319527, 21185
821455995447473812703936282285168333024588555838, 19063
043759449720374251364413583155772047113185115550, 18884
285315618048999055810088826047966619370376287313, 23375
953001822538774971249683364430447947031406485175, 25611
873102528984223548549806661756853375828648260615, 25367
961588679379344237854628365058245315392520484027, 19455
675534889084688268301802635813993646254155835651, 19577
275467497883799942068963402766585022993671143039, 20790
498715865255420176541464279099950921608153997925, 24145
578579131765668371559516351568637704829217973720, 24862
187201715065826574819432783231051993264871355922, 27095
347028615174658709579141453876400122985792179151, 20988
057403879231002377294211092491518268545788890249, 23818
254384303154676206871658196094430890522857226066, 14065
111564936780181416348601314383325673066947175448, 15511
759186105891247345864452502413689519420119236282, 18907
386672370630631315596739358072602391528783968002, 19891
511841228295480390846517475343514900025164603834, 19584
211605454465806557224502178317668920597135616483, 21960
398178315656900410892256977157218226259735535698, 21316
919252891787772670630748367823424362843133820189, 23430
910435371357427253360053435949732085734861634571, 21097
254428717354830308133788098823141803606354047099, 22022
365090575512579871229950951142970400479922189268, 23325
034879856736300232346421208418511190085759301554, 33655
544427105821277658671640095551306748650352592477, 41425
846877455267754678948481780554259068825542317996, 25442
275492155286289200422048141464981623968609229341, 21632
014451881627150664385730941571995542921215923289, 21428
807416108413523117835121216389369003835776040352, 22766
109532728439773445050376010535568413907970847113, 19191
547906372342441661858733033460416336964210454732, 20973
860550334085158599361391951965374541504902617689, 20963
782109563116864864815409996948738140028430038624, 20916
267922272838827094049902899473091713133516510219, 26945
119166520189957114853075865693304423097307414235, 21841
278576040654846581714432032620247316110108702570, 55172
821600378369978020467826444292776837096822911846, 24185
369526232058654073499608512138486438053470235855, 22594
170515061668237068659956087446656829525913758666, 18328
032723795173351189275428893895818292581101456896, 18326
081900806619272470421263988490199309581174192551, 25414
042545973265066917491401444713839103893211928531, 22565
581363573163086245673114491757906154611927557173, 20518
660495797718749414834994463349106155847548634775, 23202
458895925003163819076307155414571673165897304787, 23394
894064028128097225847308921591003509101913034758, 22891
286503191129940225562885612230278821130473469601, 22516
671110584385390006415062477552731062212760290322, 19412
143346199338505951126807691490524051690725508393, 28227
644880382958589494290009923875660340598996866916, 21802
035431026273504721517213517480403156478395667031, 27857
818230732045641691626115128416418233528742439698, 22240
483753587808000050867961779629168643113803605803, 34304
058607132196201305783132485686591573206527167498, 36929
416773406513742168715710439161824411053607901137, 25633
461991902846359780140168939687523643935139966844, 22179
334617387727647359954570998653288670308292166993, 21300
760328737815145599627861555515311546339042556036, 19889
946785451608117926447989845467453244981041974868, 20137
964954593874049551605931336154751168518097421599, 16877
229141332059472609775143163186001935390597456816, 17149
578229747821196527380407428245923045939633953825, 19743
250605499103116066462774639640366556095138649447, 19322
668797075896079526613317474248636605605184703856, 22699
578500770880995380612051131904951723801001011761, 26542
768903442107929456326318210737715606962472187232, 20237
285800487838701449244585263033571263323206297331, 20241
683514630619131172397989204995174427000084197227, 20000
917020876624731612387334576181905609807481164248, 18884
447928311520165457181636913300544438299544560325, 19745
054461144514264599027580869462869216442093542911, 19767
967040378239312755920918364176882596543598440815, 22223
221467601144953951256012967541786844714848535040, 22325
012623929685855122263277991230452826430398106618, 23226
744031441117085312711037664150325920096327027770, 23728
400337444810918431693136165051911057993576788631, 22106
531354067755873005809279240814277524243918616118, 20484
425884652604954634585509212261705215893375781146, 17018
540679757466732361681507870737213490467325020459, 18022
667181187386274270294328720214170001229177906343, 19562
144519971290052976058331951349764137025356673071, 21122
966874447953472880408489325845331130574570839219, 17144
164629294992966456261378074420236719830349737505, 23844
433741558840307089645131929496431915283067318236, 21678
320032558155036036436139932417649664839844647463, 17270
010364175651677972465802128234958004623308467154, 17762
907285630979871035544626436726148867542641740843, 20870
829467731106236746244106563165167335208331184758, 19940
278624474972287713646314513318048820569967305288, 20374
503082507678688549453125809722084303675532591665, 19986
197060260364465796502896488590609306524572129810, 19379
812616342467608677933526636273956337982240921798, 20633
078684428954304898872294265907826886259346789368, 20637
843642828099863403644240724520414890074173079612, 18770
001146844367892593250069442072002118895421130581, 20652
751618009695100806724457069541426709809798201201, 16859
786126267723208740378219108481081993542416766830, 20649
539572860041472792074418946230683750957253322592, 22314
334982185503872234242642263621474862282733242465, 17788
374336952184097924693501077970009562379890219123, 19747
282160251345777150277228003844162398413758245172, 21871
986860428679339211613678834853973759723781846788, 22908
076105273798216178414721454195002614452743767396, 19603
179268976097451134029853879543272198188709447550, 20989
364992539720733709602398568740006497840732817300, 19054
663713382274962579395127695039497988238456852320, 16940
543072952567499244947509957520594803019577437551, 20285
971284363837915960017694298378777895423706729218, 20479
593562521054782006161897029827198445817134734936, 20973
002790963550525224461477200548540931157624779401, 17645
103850857668691216334618115517937435432129180333, 18403
052937144055408637042981068638764079986511153926, 18448
783551251773506851710182999818296561899268738443, 20819
289295702884121829276074636184524543034422936238, 21716
121482052294922030395276055680394652088229813136, 20183
167181396666497000507549304539145854085861500432, 21290
298929166828939975526212740096018110248840946833, 19296
669290320140116466323438108379337286438444585321, 15960
708409545656900418302918911554057099965640533584, 18297
961889015895411689222139205075191272475965428806, 19052
939815546778790425784183057430853056532309491433, 15165
513437665629216857000650539711264817795379492197, 16491
768756833910210212055304288825194089882105427448, 17097
545684577876553285896266842007072532989888633151, 16680
760657440744506484902465129818216474238405185923, 14644
536916549022860237548091758096361255839852250273, 15658
500701635872253714871269018871823815171770107798, 20509
007836468949451642987207357399119802648634592958, 17282
258544308078750933195923694631768833465284381374, 19012
381556564697471201440435356764814169735117054206, 20085
900085222253227738201466925156846966611036360033, 19143
911600565212207077984037422266379440716447680509, 19717
172237998574357009090749547885302728447297842844, 19589
409052674533242589576502900857117233502976290760, 15319
759197100501339244346351011178375384214467690746, 19823
355250024006360846515918903077625360675095843927, 18098
004818510622255061822503792706107700752736181689, 17591
922938535969183150763184663009613007862378596021, 24399
467582432704354560487786422051299179512884242890, 20931
835468014007191781867169210769145801624044065155, 19159
816892527846699905015743496195296975359233025915, 14716
041664846242022997467963260092416575969883208427, 18114
427141917870836736490224577438890516727426610205, 14619
469469753331891104034831483889927886761296696728, 15983
839390017891870406284077706019302231252933242483, 20038
664388654464116017530085971343619249006655286109, 19494
604341960331720852034137756460022679765710802099, 20888
042232612065583361330623455048254478851277847174, 20661
109715011790233243291705974934564435939230454790, 20033
670879501894490320599393366562139138111410051083, 20170
859043658664733466174427817474651587042929504062, 19140
135898866076141909448462949133469150937766371583, 19063
617853672311006067009063143149932619906359469088, 21154
956796330476603941554389095158663464098257939254, 20196
302740680231220309299907661996556923903926368320, 20299
668970443711305513476813405349238225260753086639, 17965
860718205772739051089796672835711712655344638535, 19401
616599827443649405619153483624805655539595882722, 20158
337054529913641424547185242803757662016927213377, 16658
650944449371880631183144267029886072536684794978, 15900
324855441881091999041974302262626224868158278369, 15874
916145137955449089653753673803094608334159893723, 16880
363703924009335879298197579830469959243863816505, 23023
213574761416836174106477967510631290668829624243, 18460
887360033149795881019642787301691347640977046846, 17397
868233388102616771688599053953530555005948329996, 20078
040070693295170896691008988005100329388829366648, 20274
401016035619808169996847694095735858551235325151, 18977
144942104629745314170341622731647263574136012744, 16114
701329320547430257242378250954556688732716771996, 18736
671244186566206176669731973139706142561239069678, 19677
277823541293422395874526886653192074340669023482, 15225
232021513421300080036514120538483885156411561861, 20215
577991760130159015303816600994141863959164391323, 19624
132922656223220994349175490590203695152795139341, 18841
897336946049865458678557294196975620234060146611, 19248
703124149721549195278433744929092504010992269178, 19502
940206616828949319533402880989573796579171285118, 16560
039958710553373409916666058430753840734999446708, 15640
523256804108499907207730946620604120812222064256, 18799
197655463905236516725809493578998875311824557400, 17193
092477299403809154486950774558479818559610990138, 17119
171973887804448767122346272887525634232113879866, 15772
288817814782047391314078589406726617510289485144, 18270
603071434742722756988841192838590828961558730227, 18823
023085537410764266785838165175878278943884170599, 16963
341450440367155165895048685870026173137164871587, 16842
666898895660107672349114284620999878670436478458, 18019
574090901718104517296525428614181793005188218661, 18275
427633894160234610847585127276631514815423567150, 18687
638204126910407273387704882506372194726449689336, 18502
889248093651677308629423149239839853652217396157, 20231
416209495925742291694000053278731384243835321740, 16683
212706663659146969200830343476517989667132168955, 18437
122438197347255046540301106274196350161015733547, 21691
158130191698778912915619672691508542753832600413, 19073
346110210533117936548939560181617421462438049952, 21192
582603035069527291000236749569419871196993847787, 18574
213895600180482378892205088238379678240478416865, 19052
017491678816733324574904548982904945022813789233, 18564
538378273282528996182944479091144104223542816605, 18535
626432948660530855476388186325189943249225598576, 17846
758510539451458884296446145416214067240107352151, 17408
101200272999322401840807619982412542569989933303, 19823
794549016916081035084669964469460017238051659975, 17357
165228817007154061519044548188595129901921838257, 20366
360641332436394268763359195146973957281456387724, 18729
041879343414916542631642640586403500435798311066, 22524
687677831114052535485147535844723700413725432607, 19583
909684743328996340593991905242564422818160152706, 16115
205949595678921857461984552831373868019596399694, 18438
849943121276407285776472586192586492704043786634, 27412
542661887766873428626781380221295651859725325879, 20414
759497488950309093108021079753350219170275205235, 16748
075057891990546669592514160252952679588698654211, 17761
691080177089955947182277420563344444681681796582, 19032
747759598295844009761471880455720617566595292602, 14984
306971721887791716013422642375206825219398287579, 20778
871802738438870131578039717822429501774810617842, 21649
987907523137465013709046185868758469331655513116, 20848
438354814536441413718146093718072009592946582853, 20432
324738739642199970406437432847899594367442681670, 17912
017785900843717817980461839792493393805180673385, 18729
113157808694230740676789240406639254955934350444, 19358
981439552260463901352107556336727070947466432924, 17024
588315927089364853285587097538199940655453581976, 19684
955137845383097783530269475611527232917767066945, 18378
774509005169800835033474309843523173173801903997, 16101
709450333345251570337410484287958015348602327497, 19111
025364759628575836115945405725139665253125972576, 20133
787666814802483166608821156029117073686369527043, 20329
760531090928405159390999373751049002421435275082, 38710
680799042378430146319530466067957928045592335562, 21044
317459437282540772781891152715947804779697843940, 19951
019445032108779758755225877806909063679009976863, 19760
304033561162209153098732375844696191668076228333, 13988
365127959316270596694147525828666398303267886036, 22930
025861408626303173185853515866160869921783435964, 19222
068092753882667205558333429295724723991399767688, 18815
146884761226592303921057528556860671049393943305, 19634
562487443855335196019918903438886345081669114625, 19784
649492139131378309841901639292668707132045203055, 19937
991885326807051519621997035589278358000600507961, 17006
938565112955419231624299167310304472905300943089, 16468
277790232546735370924884893974901692647092867304, 17010
775402064524238115388656229602771532730312835869, 20806
483098852174291615980347790729069578374583124506, 21739
931520044812931725329036946076892944149750945330, 19151
432732755120047602337034065819754949314949173835, 19256
338495973373037712724671753946299031648195700493, 19076
076946912185403317695601983162279886677107647290, 18430
876086460441320816820277377332230068627971005086, 19605
363965561127784452241807691989917233980014882459, 16134
937170454774689426222866161454048777913390951815, 15861
876751645161044118862175435250857425789426620253, 15886
991803085598723252494950814223422723323894686914, 16634
753669613455653791776467285596293759833290758347, 15757
302669957919359161786070170019542910827719866782, 16679
283487721813836486851425878011939299163465848699, 18075
256320865184428508443465853772517141149660202272, 18638
384410666775449920631691164069899453431318072087, 20585
474494672622746484281670672072221680040432607347, 17340
694454534819781626922656529054913458024427517679, 21118
918228634208899129739584303256647662455077059981, 17355
677849701467124452010429056273230924016172987322, 19084
341983256412100226455729545353807196413085497539, 21372
080686168608561693445046780361791951787840626786, 17811
019911542139909098742962911721122045491634726827, 19615
258444098022432182127296795304429293914717172381, 19626
967222655016275398078096571190589231497218835396, 20928
040070011505976629504155149689305514615987477039, 18137
145775271570560489982903349437941410260537585645, 19239
465362727769357297681682946475833589052948875814, 21231
405843471168801415542357237199151645104321303466, 18070
043384968678169975635235148724638167573532460587, 18747
739051910783229415381462590127792828019207731772, 17312
564574679206664252866772507904971350939169748365, 20628
540700788151389354807517560057204494564572600735, 20616
063235335444935091158836525509306841574221634243, 20520
694274250880767459803478830533494841467667843700, 17172
795026048618206839185007618731720224158911761446, 16622
124974934747006228429239587497001601116791413335, 19340
880759616727010396428280569081681877960533254385, 21537
926553535191889969898461267687370047503232431537, 28943
678540429692227938318716640618295240204483607310, 19346
458792664901270464129011026194151020206907044213, 18700
999411924171185889670911804679390253675285315093, 14334
672790682727110147607658178810507096264658369675, 16038
774427476430158359824090728545535179918553581618, 14821
049252021777639785264102600621256373695983658849, 14834
375834224311104755664269382771000683217860090496, 16106
505780674773664303159255513495467936225894371821, 17813
686023484694118935694624557829798610950321852645, 16782
136031334165561357950137709699405228351789357694, 23212
007910625937383953058227459181781595759252902327, 20929
333404915751977672132880167975528080581277496373, 22802
611522117970378880586647052647120472906893832811, 18627
069878828887498716790376310764573670752763424416, 19549
111950753781010211051870324236640955940211614866, 17614
275952955018850508900353205518757463658361166318, 20598
535519384934688714400160624453408979029414173946, 20214
394071780230458462626884210685946544714767924981, 19513
140018677785326816532244518489315336325094728320, 20034
568964217055095192520787174428985793424140969470, 20781
742638004105432019933248624858124597319841397718, 20760
003546506835062705862938472440262527397183609172, 23426
408182703215566799472457190993655684864287753524, 21368
540440317931871641678804575307872018062965165441, 27641
559270763871108761784663200472227444413712032020, 20450
763800269290405538364382867084673053292331373138, 20532
806563553277590589926362143591101979424063713971, 19745
590612391109155859993590403894873836066398223910, 22161
661940312144978917763921355172838143396610227219, 21374
032434038126214478050305497258263726141254805464, 21636
429046313967064667609871229772314419062578384963, 17042
778899696281607498537255447616815896755596956696, 21070
380623848638393671817573083553993976560323175452, 16157
429159310149896930595205735198660795628852833446, 16891
956640165136760508705984896663669443779484083233, 20297
255549604892311868881534305670315061942541873981, 18551
349510130790182595578521320423977040054255563944, 17268
847143016838298784137870467877464390812405445423, 21177
342995513715266373090544936867593004558849585124, 22527
033810292457969810877873071776799090031287273176, 17448
271053607993362471336008395406844149500211747916, 19386
679392195419086172669281345775654583005568696224, 24069
596099341706308956804555569898840669715886718533, 18899
344753059910825100101887750270704302607518802334, 20991
928654565342767656234137860118321416065519097774, 19678
557890235635703030875924660260415496419073763088, 22321
739532285368536672443789772907503778997645628208, 21655
756320461086518572989610297523610252310611464423, 20169
137679900601129624792323199566371039151232546638, 20037
687305688308320528426332828375833895353205038000, 20516
497805386027088586485402635639691393931753453433, 23302
202060561609160879708826785173305821880160198375, 21148
574987603502277507679638189247715105075327765627, 17169
425115094537546712508699132722084897319792648531, 19729
932212738759179548373993226391784128391197226372, 20723
346125811768558466404193042931895409290386364100, 20915
319239933372830834497044575547991016911460863958, 21311
686130385378687269101196469515496211360899877615, 21974
246786625141805268106992852874698378150865077796, 18836
528009463403601903495128877424989909065336998201, 27756
348981713529764424347473174563597388669933121763, 18551
809026826521381222248235158405607639413186414858, 17020
773855904320339188307762055039518813626050215144, 19682
225910418870961720593230996589823534688665873956, 20100
300760999650384174270976557159911187178353581901, 20473
521857796665539209473957076506780165836593268300, 20723
219099990707687965388216493906647546466538496114, 20154
681890612490437904318376472986964156119578621514, 21684
242356051991272334134664834317653888616925065590, 22653
370126266972568302989533052631799723541438616648, 17429
209588344288712728261844777341883732888229292496, 17624
877704920085427976131264954250959839223543286095, 19075
729059990914321856608759405354828033945138680985, 21604
194582254727366250488610150927138806023525453090, 19327
039004355247334724637438625086101002469183918503, 17719
721116553296259194458257529425109232007429054265, 19197
967090693958981330484542678573082083073360359402, 17777
043974410730108980828612124242769258819895025813, 19177
280804577421626000377820676872512523192144226026, 17607
296595339363760935790053772995136785411567045259, 18928
872109029302376759989476400827024236439389727314, 18446
369014859806171709920913319822971882469471288350, 20102
807748200730793691142716275964266232272448549800, 20025
353944117593399251274808755525680094607378707843, 18060
439742564765207676899601533584527793962430180060, 16302
243738995803612956301532385137651146148748202497, 18300
750446646861389272204051108771068213079678006943, 16304
972044908231721470961782550699206413825840133272, 16044
813109706747734538031965794791373783865650323908, 20405
639267400085678675070989796074760686548549306393, 20813
005192592457169074009722350600420952331777485615, 18712
737886712623669987214027190903598298162344801811, 16419
845731095670452797495086245043649315634203260439, 17072
337546988927689250998992603744898544332426105020, 22553
024937321767307398605672633007802427259545597236, 20979
330841435083124463871984737439163369412113635193, 27282
667113119653296974104582258780379180621509840647, 21893
083407969099543772190258556443461934620741996265, 16997
891498714816682597848855191442821070864547126697, 21330
812075600403299091181356050201992391951913542644, 20181
930622671266291387695394193791585569946262003432, 20171
966809572282303666572326742424112712860118540027, 20363
303827446775263749733309060058481893750427145612, 18912
636924713271855701457945417572935548141568865455, 21527
165282290163224790952093220576085625054062604275, 20773
091171716896750443328477438406016425518309195331, 18783
448162892473762900660694329822686494973132618020, 27053
284692535881150993453315259133573155320100435526, 18880
501093662626850926234184087622594893461624521513, 16621
636511862348371812127694969737610483661817865946, 22204
726978590764339690496844558290674361112480824905, 19981
944492859766735573033183990272579238633712485154, 20371
529047992519771741897746104631485310201752649743, 20697
251075656606038098176647350844389618473036851652, 17380
222799623194282463089737337018033502667986426662, 17186
654509452640693500077708469448503965100386568138, 16265
941986700424340917973709727851865155957919343666, 20145
270246246084415515000193755672119145780680223096, 16818
972869660722948254801646964273570957813907311146, 17995
173055111510497983626598288162281507318661622512, 17048
017749167296821285314226702859372057163105997137, 21029
555643083211030350793156303856711297895148442479, 20548
110917019665992339516208319598229412223189891024, 16677
700779647518951050649754455576169146020974861988, 19086
928100031792335619619469157895589390315696149612, 20191
876725817347175632626477014916293066769413422988, 18584
371415732351950290048128768263593636319664751992, 19448
174203312741203427969301078781108740182376606941, 25529
656884900896503617242036890026381189572851413797, 20240
976575890252961129423494738258065714494439858260, 15777
537317586068342193389382168961434477125951807216, 20169
146651895122747739991235768950174751062597061735, 21501
359753029115649765808816442124250457970191877766, 19186
996782627458856047131488437327516306680325300107, 21598
717966470828527769645886805362465374111205279045, 19118
738008532947722634523759150910185917981187871134, 19934
300983856232965979757555479343593704281825243832, 18491
063008295131306948444257678556355875627230380197, 19109
120336067727458617680008897105227452181853811872, 17973
412868154370542334663457283292563761779326582817, 18367
172683579216036906713324299156763143692716339259, 21686
771176625790355366820234884109676705690169426952, 19636
225565501757992625472327900591234892544949631093, 21198
405870633736966627657445988230372179334727313297, 26330
985070531461939693239330564570178895840988292271, 21598
167307409574558797457892832099225155807874429299, 21046
244405321618047017780169045263610172814997901704, 20511
664457039640607419441556300224582239952047009760, 22691
887832168583849177347757555614202985193173458385, 20602
045087676241388856493796546281697115094918059854, 18146
050347736823469067522506180970307351247029487513, 19448
722302296968984577755409613687179600029937727385, 23531
148745962341583678982278242327331138624070249506, 18881
433928227033924076898423260590635120264170562192, 18907
494161445750786851278327813340100518854540610497, 18803
771326380867133085520664779177444777527615548866, 19797
825031504755701843256531145035519124494181652066, 19100
673771107056769648262009873327197484594599187241, 25994
276358344432033451856143640766783331497830255510, 17566
665875329548973504942699503486163642374458248728, 21094
866667951633601014277991873888284143050123705806, 20884
440942970887080737869341160526082006296594404670, 21349
053775353097864217704710791133659928753274050691, 19511
423134692189580821715582269405469974364874742824, 20551
222998200251544004454013540163907496248283639249, 19688
120823561502242656149295444525959252500670996362, 21925
096849522169828386214180818964264848792138112140, 19504
683069736554773136416071637669827346211866363878, 19041
229842901976913069588916493549783687189276098396, 21146
120192827656369098727022330557792701903960516637, 21487
600580186960141518273510336313496664685493607971, 17052
522705206898498993104357098103858248968777638428, 16091
990531041855030700254750534420832885201506221294, 19978
466596699114685558413248232319567317296109778445, 18210
803769841720164665489804111291373640556941957323, 18091
636218479135335474452598718064628569308443199636, 19610
741568819988810781009162608713587733736834635805, 19827
173766828441135153648367987363372660563319422059, 19064
234379791665022734156189584489813460641709303797, 18129
929404163080661695926286152551945106534034323402, 18057
411546033959815950552105439294058104737322235940, 18021
775947663746134804086349969157245861729013849229, 19355
095331028017404498636992765160361824228241902551, 20392
721454586675571930684364548219493759309187936022, 19740
612888754469319266717581509684747146041489532558, 21684
602183689293710837369508235401181392652793285260, 21777
676483302005691679041830869911870538889019598858, 21019
975126593950997687840679964756543177937222434304, 19958
818137872081145333220086411123424459156466771426, 19931
837619151610350481420540825469454137362643870940, 21571
484446846996729595755723894630798134719310102153, 19585
615068745454802644013535108762345872948615096480, 26707
025391230460670169926301246964997428771038297225, 20064
402851683407794471071133208797159554934204975344, 20758
989369009297020224581848016612802758858097791045, 19505
477525684931764734939367732052099773431826123718, 19022
457816747828212550502918723374131813619694427894, 20579
835440302543535472972088277601205769709155529098, 18778
969386788163650125668834399543151300178006364598, 17810
764744908708501166638202047908697361971953805943, 19484
602692413205604000665060829153413682845185647147, 20339
313355265628784182022338150135979426142604405813, 20478
699598551585742498727165804956035194941201096435, 20363
273727010646547863716056133818455020741708674550, 18054
766888985768352184950166389700306206006793628869, 19333
284032727811899213776563363032260764158839138081, 17953
432454988895717132937784247158113550168277740684, 16856
119584946796300821031395732786517697282053784768, 16531
253041579875943853024475806847262689938815512819, 16600
711766969401416689967968539376968046932004147926, 17414
040985166927156513488206561227744742579383018890, 27685
420707814300820531254186030455329599402853935910, 19102
837905412582764444878011625923706617280630939573, 22273
709901633641591470180549400961641554817491763910, 21261
317130772056460568359895915003057760967265833089, 16292
166310135482567905420237343823569392625385532244, 25535
536283622579805063224656030949024863127504486103, 18872
551053992674332642092032595590048163772931596750, 16801
077048435680651455292525085502301116159637992069, 15639
297760622538111027669936010163305281244617650854, 15047
977125668401101920973602983241149071638690803115, 19080
407206947829055252400532964774434156960662769594, 21622
488234609799938856888926457313453298660752855950, 21794
618127245143459391675932733507478281027543001150, 15597
921724167816098823914548150011535627044947666640, 16721
290103661906655129882272164461583623981283969693, 20098
795344213591934489266635466856025582103775880428, 18662
014892128470225512227084887648169841073143365129, 18225
038967430653162302251038178065580586349506822252, 15672
345423942525935145784362745495642204790942666172, 16847
055950602907151838713649254842059765847039947230, 17443
369751982557435770181833792895023921139584328015, 18558
094304362609437709559710197825726177813096939729, 15584
466005793713920007702496033232170900479052365375, 19977
249764112226990569231329205851577476989321923179, 18139
912260617306010957676597447056278494677310231426, 18461
946231810093489905401312717052569412513815155345, 17340
411171293772029462298366790391133462693982404343, 19127
884363666136032784739017622995595933210035739137, 15331
414442011372120687364573513654695140563692807085, 17349
391629887216595007847914401114543627726457329859, 17485
737196358602671076885767668543046757305395552671, 19877
053309601650526401858882710909204564627002276826, 19944
284741443113777863985243670389017583859161650336, 18012
768537242543433796296215248518686439185532177667, 16227
938950496987993992115118905976161076235035946338, 19561
317558046901263319318457326792655600415205342885, 17543
759543412947211204922054312815790846380594417657, 18983
545945601444868999623600721935389895557704300191, 19517
438154030230165033102763572208643768383508635338, 16788
351239105612710248263147488533661084914586979996, 19855
046839891355099260834500865606020633713870490518, 17926
111602607719910462951162019527658919171062175123, 19782
339263920559436383943155508121887723237284428288, 20415
476351173109992629554383945771218075385895706288, 19475
276898580455904129977655191431768469427664285699, 18878
273963577879349197116952785805825241790797653784, 15706
344642920846829635888941914151207671084080972857, 15635
353195938291251789805385730191539068552593610908, 16779
857823737970414764524726393026131914419128369857, 18251
376043101150790751658124079863292017349766755723, 16405
669151333182163145462395797073449376421939147764, 20164
853314477247752785141419304057353894353299294462, 16794
927433060053716750795600914214809872398414707583, 18782
403857330099605153076288334241583160814125006711, 15013
264337953435529644336195139393632075980343897962, 23522
144777021275265355124751112578984383286525144891, 19939
390226332089860871108674125789038272908328205504, 20202
747739935266765623314372386790894788881320118970, 20447
725916538042662440742162404652654168723747136372, 21170
620612094943508951836459279087049320549135416401, 19761
445818728813045519510505403443909680765566080543, 21007
059158019726952342437689981835452587380463370506, 22851
773748477912529836361107459649236712679581945021, 21902
032993715868442593944869423621654045518024160330, 20120
619359332028932331173715066896889734989182085438, 21508
557743871853241132617789243308875551038316652076, 17983
653190018355665381386169787156833252455201899527, 22005
736413508302774033529141785658023864136966365788, 18063
600276724504484889949443367728498637209961329709, 21072
875268477892628392762100640692972418457358811640, 22713
649645239051185671565605786909875759275390438996, 16435
678415084145179952262827514302181132651277806723, 16182
919859766634963611113385163637140235121986393954, 16136
175285458463239771406897361290907455193959274271, 17031
449356707080180441905162132028482439029730960924, 17108
257847854594557950014026864760705482169728393191, 25805
619189048580557648516005032068521431556506751617, 15809
012410083282957524490235302202703975975413828570, 15811
371499632073436201774000851694651793658157600242, 16623
595338919623842278836877674820492157248121407656, 19772
222732570785287415167216006748863048416584224086, 16198
787294565277875502510171041107898549195744643194, 19170
643403939780505088391634180567933295789879959457, 19904
397195674678376231246284122913762491251618655591, 18386
763684614337940065660185635503791052615168854950, 15257
585264412430957081882022302550628454898031326044, 21748
627724424696233123566002992735219191554113738061, 18854
461897462640436415032239522572331622560825068920, 20160
424186071974182839786067067838172701628727136549, 19820
185045308997225311081166544677288704434246268929, 21941
254825955869994434827260809624761354869648557990, 18843
153742097754616544796275921501719013235002694260, 15838
714702833921918299457318876604775457652166357176, 16310
351580565030562432333169829998426594642377544817, 17027
951213161537215340662411401866271594810285917761, 15899
915309754106375764176655544847258901878408038634, 17593
609914528730165050032867206484644767131224263760, 17071
859161925348552649746903001829804943057591649023, 19832
137275229985872688598735530537271198642752431690, 14943
020397947754554662305503234572897026710615062540, 17543
388520111460207279482767440588016060393640682409, 20577
300428224867625382417481870986918162106682367005, 20909
906350720099213333325678976649761596690819732386, 19256
369540818622321444849354974216064138131104358522, 19456
700974235162241573284399066878678667282709143502, 22341
381725270172024571554639606915764846386593715262, 19519
051495766311593284938182859196603842541172451772, 20636
349866217007703283548810915178802908522444116767, 23616
506827482616102038198454869669512124863344986480, 21540
897401757786008355579361305118097969336024636781, 21409
804166094271602338661298478280760298890237597722, 20533
751278280989328638566606096749734071891011943029, 18988
373171000660449275806420702872511028150119373310, 19481
420135152886851764319140532671623858473673580656, 20161
084770109444261181265435066922942519532498014244, 20412
813960197466390268481352931053536122151899640866, 21261
838085409542222282234773130955130258900854296516, 19940
323434380021934650496082088231465728369481794152, 20542
738866812732367013068306163045738717698883220241, 22345
811045136517238554705976561260964098803675418485, 18363
960708299185933245311000486633029019040079762098, 16829
018660918907850126018730365363486462463353061295, 20968
376746677401118833651905094402839426095837169962, 20432
398425053265020200182503253686716570075614118369, 26123
090282475533792876261793636848160398656101492699, 22825
619673062370684372945737080513574653051419677014, 20843
226026815604539986452982345373696210924484069977, 21137
650834150167969924010808460723798991508744532624, 21597
645706411473965840374882955632026816660707295999, 20282
553787283859127088160388239436303601541827039750, 19638
282449969885323621019016172429149303402580133407, 20089
712929239696428260446993399996289401624503348286, 24178
423114979415638174034439805486428061478311175112, 17881
682442536681844181231090074827785941416084361901, 19673
058287482215359587206465391611536576415656484562, 20138
210241719352507707623249536483126340614579749741, 21599
899467533315624875622418026704693531514867320029, 17423
863583021868823890505797070430646117529808600101, 16697
167543227805515864651131811499306060385285849327, 19857
713644533640114014599081449035936291746220253777, 21870
391096873639048842102570900639570999578042968962, 21845
750287334060548994659053726360767905748367323112, 20186
959192902473061749716592878200997829211478976051, 21772
253212961371513016780279801664511933329458621154, 21569
262299836194682649115035059022060392495104775951, 21373
526970494767468297695836433186638356597966832751, 19381
388437344781634846300687882825156119066634799193, 22326
999569479493458966436241030159470527486626971769, 17642
874755834595648341757019518311318713498968624578, 18429
113939642501159756937814328189222536592762007974, 20345
204766968031172218077208111700121829415438568089, 15260
777682003115308309000115541735524385517028671623, 17865
644180053632549926619221047196180710818191556640, 19674
452089834062925912645612699500375596671080594285, 18554
076202435320541397456843015393411041487949116245, 18679
478033308669452163760246027525162087339305440657, 21019
016951965273385149615140051516018605091548096510, 19355
765880805507536480460757927095862572654324178938, 16086
620638686766024244409540744871463528519185909633, 18821
497323129012354669794407369454115157469562827403, 18690
549538137990938613864663886755421374308299402263, 18933
028890956059890556680072634260172173180786997962, 16592
394053981800245991968872195930669366676856883594, 16503
996435562527559580103934685326237003759924799649, 20779
736970372863863865623147668311817606854130647025, 23514
135359097929408071003058443111827554455367237336, 19014
088937531547128188294315742332833736602758570301, 16832
901615908214443373137432960486809960672423889318, 16629
336783388879679016334607312505058838186066143075, 16339
620074011709164805340119931672634634247439375075, 15699
107244993373441804703495441426238274673102556656, 16998
157480685748227182557120808862187927115882706626, 21728
604527202122321657112267420933803257197301856911, 20178
333236279781511905342932840091755070899768821133, 19348
443831618118657077496312301236991476669692478385, 18729
018224576401488746996549625595519461810770020916, 18474
835549954789672947109239527194287952949338415621, 18511
742958468047042781000013936048134321369384100379, 19248
091649048683116755318469709722423588504582895660, 19773
242912601249700614012024584817933144526760862825, 15803
241707094907087334296237369484810101000492390026, 16620
500921275441316836678895233981661855182648099694, 18595
289297905749419722856878078299947088770265416388, 19252
325163544239712361675191770631084890366702803331, 16147
440765129417312441275224291512256254866727680025, 18538
341494835174798250516379329324188529922442031068, 22857
596527280263810990649522155847098872590737330529, 101392
701714100983001967441865036029791092422633935241, 21055
532126052441333326321323725165710922849094329653, 18516
988072110585784969645940667829617634957107676092, 17110
717948268448361184856848690559330346162906955193, 22152
217860714210762818907460124443865773944385581062, 17087
443594481210877203820890051077931482141264543283, 20447
178350319910240670673730928378606453685506722799, 19953
270789387192227059417761379669506887735644866881, 28891
472372866977917327355135147403440787165072985717, 19465
487111906540470955368706828258697420731307545752, 15812
634451143592554408281003032858243788093462627080, 22352
471532221300202526064993169237786159573605847199, 19937
062252701330177908696761322676594710282347574465, 16231
629129214273806219057559926318070204348767058871, 19701
560987155744142516529815307972220438255949556827, 20773
539735357727315829417876709208882977612407158951, 19644
407822428595110734583040662595636630872824355351, 26335
089028431418007528333175599567575670445706808560, 19887
543009532373618329596818146712566898744191564398, 17125
678759738589217818152347014742701776962710861544, 19763
896023569421150706100113937985896618064929036306, 21063
440704450369641135536552212428194366731768824059, 18107
116963311116621378752037970480113710343464228468, 20914
905485750219662752249491723428430991566717774961, 20653
998518214862052288808719775191910082815411726167, 24592
756335353652422901900217333895793348073340704924, 18731
597316423890229133639373632827107030694085028163, 18602
876741796114396737040828079754231838127750389174, 19164
172073487622788982992852774828938345705677168966, 16301
361806334441519154438203311890346638261825978005, 21181
991117694799921685457578821002524955816505408788, 17588
595046070720814220993804241682954468367350633285, 19308
483997805457851310351822030219979499291936733067, 24387
885290192346364723461334247806706258267623579961, 21087
072782790528271940940930554574582772243225265451, 16183
249138200138502843892228403222379202334560642846, 20072
323256917864307006402917689184838376169865517228, 19696
556408904704884987770995088549994534447027608296, 19301
966147617448271956683397009147946670531297324411, 19237
521089728635746984528991159229293321296269755365, 17987
179423685400885850144008383663882946304865065740, 17108
974956690095008784784931322757966451222542044815, 17771
137686466795390725412603066779393253111783232435, 20488
251644150092126222706088616125962356782983326960, 16375
719888092576764873514492074422516406407775563042, 20034
280398163678838919343892632268288518346813618600, 15507
607024579322180582438593024511372184753795903271, 21072
982351900782271167773184490415605143253421960286, 18527
183294846380637839110064912877686127731362657330, 18719
969452889583889750609691393764971138327577876863, 20503
362315959572706412291409981762118451166033526387, 18905
364571362489321459187516597189335805141501434591, 18176
598816167967684625479773665543512395001999880244, 19585
407365422224773331213992125322484240785107784039, 19220
639164698962760109296370064602775604283071567587, 17374
446845137109887039667456726528594399912844742657, 19257
908078795961503510560876581980690427299905385658, 27553
811039943488157994876464552898379495699139964653, 17917
121897843658017116305473180187611701707072095806, 17618
516387988550200721321198501174127755663620861855, 19183
011438456083481955923979296923127460305925473880, 19872
515163173613178353567898460482653180499972409366, 15668
504341135913570452697318349954814360695108756713, 15100
060909637244080844866656326785901192277104504789, 15470
604358180249204829282711091064234782712946869463, 16720
239044417605417648608822332488201307749401064950, 19610
441495789814248139543562185594750000690571017020, 18643
174150941720213571602667266089598923919212233703, 19033
897494216606138216158611268231412373006686499542, 16470
182241476624395657511187939137645089139711340035, 15979
594379366797685576549766441163233960899688366913, 16320
116092251900918717901195780092103932150242453437, 20868
901054546862481585393582256722033230894470640019, 19094
917682185288498129115275902151242203441181932764, 16958
536135355182661146952939752321377182637365854988, 15741
153304222692058176909414188346273513157426622461, 18403
321236228956219086221826327755089102056843475595, 19982
749659104325610391624710444007873759781314007257, 19132
122569489251748446467917155205119385535470746500, 15017
454972129131169790840765612950116503937842279140, 19645
289235725816612763074219387690610535227738392788, 14712
196216441996244860792502942388899612277588213819, 20235
711506485303421879926672376067431793453184658755, 26846
445564890123503880685506928005461117706810382780, 21538
280737899788698012862844005306524727609597578501, 16847
678900208301413399101965857834423533555395458097, 19010
702003580547693972501296295601194404972148808315, 19688
473565145620554186894015029643002570085777925355, 19001
931321790453742428771638164095008150422597064316, 20240
351166861521244113787132733622878986784848182795, 15903
218964210185121949893667966036559565088216740037, 18271
038338627506977612590318374474699734717589177030, 20548
228001408796688677981209191181323126286168946903, 17914
240322376798179601794551565073119361591162281163, 21029
126903302612686288071574359127652242774957346964, 17197
921171704938903738381759124306798806908512534827, 20673
812016656437515453534371201994597728385249922467, 17546
935631046506739507005644819748151827041691464425, 16788
515998587751389598922691263221274995943719069118, 17880
996285786971265764389293711326915633311200327815, 17598
597113952960322360335485712244513556841167192528, 15222
604303893290194730737604087241213863174693824499, 17001
247939790507719865379218136384708493462645338216, 21009
422683408696152297378782175807479937207269876315, 18835
717534862363714705438786880989171846533781152724, 15973
629332767722142558865779457004569692098862296762, 17131
383407443249999324045418998816946496330777696740, 16847
306447523699257307516131662533296950624195133063, 18772
217343722432771997712118841979690546918153351642, 22676
114650594849018159558318028839943328509005926943, 19069
743752019668576682418820849612386973186245392980, 16349
259402228243104598078261322111456528840686208677, 31125
677086176545501620948944013823510318147923673855, 21250
867278914489545100532770703907906833725365212952, 17342
500280515181577959575093412824377495668306455360, 21783
721883199168742604972367885615109597828945911283, 19259
456066455947591977048628004836571190935429371478, 20037
975334907584047582799624185964053788298958575243, 24681
501056186290828581216273542158628843483302385255, 22575
803282122818279496050634062318399849051454271440, 21530
570178120999398479990821772362911128140252111171, 20104
318696504744696142357002571040793763335811490216, 20005
247895058916358313144396590986921600328431067890, 23027
759141664158663410323505122329705711097622490751, 16993
367474718960631485039489183848696554227013089147, 21724
597237299172634728853192706012182005746674937512, 21429
607248550430457546011660216460922846913168323189, 20131
062251031157102452827316509521437672786013745112, 22899
227979578822170413050989563640464461338330550893, 19371
523718221263137309777015025849413986808126469412, 17293
338826880339024724764843238065500503181426340714, 20810
360135286836629533560600401541309534354957541614, 20319
726199940237983061899799785138512142036289997595, 16873
553034226435680014094869527703380805429283771074, 20904
322238174940472023305497834047089425532929286480, 20343
067915055273898194495192905546442144841388860789, 17224
469211872334897750445768456500768601989444825621, 19467
775735162937823612048473753426795489915410315676, 19478
443561701001260232808346872722068436506828964117, 18291
812834230276697730325264397478451654397335196889, 20699
129197535144583230507987739724539670424150708053, 19004
314416065885268880563436145231992336132712259037, 19489
341117485395058511887637791972428759609158955736, 19093
106129031420272294435706783202114749864916153674, 20504
472147854137343176288310047316356580477900857164, 19358
514658513162350521273557898665446801964470636980, 19252
462815286847598327181401130717063244765479120182, 19588
663989886014274678556426998440828336327928677037, 19381
135545172581388207590437520759582238048298537559, 20259
891980972641803260691397438798589699607061163701, 18802
643459178324699680510131235520394650767512981161, 20177
613903225768622050982665813065849141783261346553, 18970
617555027954418683183993300171435300902807468228, 19666
083762545892659687302932443616836305559268724614, 21681
373335097005368194631146446766213748477197636767, 19677
157721563592482808685991099638653547896175335715, 19378
242497535925671563393158910505349580255067535903, 21057
614833658943263901325247495998869545802817235736, 15912
003913827308140089902678985046276660964704738738, 21336
495097759818556679881225814987356957822733700569, 22446
602756438835326308602266773987547735678484918569, 20502
816687758816439607599642263343856435102983538410, 16117
691830326129036537427161925962243528760473506251, 19801
704862977164986776184979218364856462871589180777, 22677
710440981421658137877109789284165101319653018853, 20640
379674630975868297342032762571729606161188665684, 22073
513001479522523531103221858451224734092046298774, 20792
514328824400949441618342092076237661445107391266, 17526
